{
  "grid_size": 10,
  "x_range": [
    -5.0,
    5.0
  ],
  "y_range": [
    -5.0,
    5.0
  ],
  "cells": {
    "(7, 4)": {
      "genome": [
        0.2737833559513092,
        -0.1814761459827423,
        0.31939932703971863,
        -0.2619231939315796,
        0.3024692237377167,
        -0.23688387870788574,
        -0.16214655339717865,
        -0.030638813972473145,
        -0.2234136164188385,
        -0.3466245234012604,
        0.23193809390068054,
        -0.29941850900650024,
        -0.028737396001815796,
        0.1637590229511261,
        0.27860137820243835,
        -0.34410035610198975,
        -0.17254076898097992,
        0.26113513112068176,
        -0.31911495327949524,
        0.1527569591999054,
        -0.27715498208999634,
        0.17724403738975525,
        -0.1359080672264099,
        0.2563508450984955,
        0.09032264351844788,
        0.05987364053726196,
        -0.09263119101524353,
        -0.14794719219207764,
        0.09577113389968872,
        -0.26236969232559204,
        -0.13725335896015167,
        0.2052595317363739,
        0.1693827211856842,
        -0.11288468539714813,
        0.12682706117630005,
        -0.1291312426328659,
        0.3116101324558258,
        -0.11595356464385986,
        -0.11858858168125153,
        -0.06065630912780762,
        0.1610727608203888,
        0.035773515701293945,
        -0.26869121193885803,
        0.3180886209011078,
        0.22856006026268005,
        0.12415730953216553,
        0.16713747382164001,
        0.23334172368049622,
        -0.33079373836517334,
        0.02143651247024536,
        0.18521109223365784,
        0.28524520993232727,
        -0.061988115310668945,
        -0.011120527982711792,
        -0.2972944676876068,
        -0.18482497334480286,
        0.07037204504013062,
        -0.29375267028808594,
        -0.19217458367347717,
        0.024354398250579834,
        0.3438601791858673,
        -0.34526360034942627,
        0.00014284253120422363,
        0.28459808230400085,
        -0.13515955209732056,
        -0.007196664810180664,
        -0.13957329094409943,
        0.11986333131790161,
        0.20995470881462097,
        -0.04334786534309387,
        0.2858690321445465,
        -0.25945910811424255,
        0.04688355326652527,
        0.34780123829841614,
        0.18502089381217957,
        -0.14026445150375366,
        0.29188987612724304,
        -0.1147954910993576,
        -0.07135167717933655,
        0.19168266654014587,
        0.04801440238952637,
        -0.3252272605895996,
        0.14350128173828125,
        -0.07886728644371033,
        0.03577807545661926,
        0.1223306655883789,
        0.31991931796073914,
        0.32627174258232117,
        0.12770995497703552,
        0.28966906666755676,
        -0.2873966097831726,
        0.06606942415237427,
        -0.21451732516288757,
        0.24473926424980164,
        0.13803699612617493,
        0.23867836594581604,
        -0.14430102705955505,
        -0.10635200142860413,
        0.015314102172851562,
        0.19166412949562073,
        -0.21030065417289734,
        -0.09105256199836731,
        -0.23061171174049377,
        0.05306917428970337,
        0.1588054895401001,
        -0.14578501880168915,
        -0.07516813278198242,
        0.2022186815738678,
        -0.11130526661872864,
        -0.2796667516231537,
        0.010898351669311523,
        0.05896872282028198,
        0.012307494878768921,
        0.17479851841926575,
        0.1733909249305725,
        0.08445855975151062,
        0.29215750098228455,
        0.1996002495288849,
        0.1437804400920868,
        -0.30943062901496887,
        0.05636948347091675,
        0.13984587788581848,
        0.20450422167778015,
        -0.19213443994522095,
        0.11778980493545532,
        -0.23224031925201416,
        -0.04492715001106262,
        0.2895410358905792,
        -0.09399773180484772,
        0.2180645763874054,
        0.1275235116481781,
        0.308520644903183,
        0.08949774503707886,
        0.051790982484817505,
        0.13415464758872986,
        0.2016129195690155,
        0.23234286904335022,
        0.15727892518043518,
        0.13459911942481995,
        -0.24880996346473694,
        -0.2113329917192459,
        -0.20311252772808075,
        0.0930989682674408,
        -0.29145246744155884,
        0.26139840483665466,
        -0.02682328224182129,
        -0.22028040885925293,
        -0.060846149921417236,
        -0.0365617573261261,
        -0.2574787139892578,
        0.04662927985191345,
        -0.0063419342041015625,
        -0.28303343057632446,
        0.0841989517211914,
        0.3095826208591461,
        -0.13227204978466034,
        -0.17411509156227112,
        -0.3059310019016266,
        0.009914964437484741,
        -0.08862674236297607,
        0.3014524281024933,
        -0.09792149066925049,
        -0.12914574146270752,
        -0.028446972370147705,
        0.002882450819015503,
        -0.052495360374450684,
        0.3052826225757599,
        0.10073646903038025,
        0.2544665038585663,
        -0.19475391507148743,
        -0.06331098079681396,
        -0.2854714095592499,
        -0.08286082744598389,
        -0.0023671388626098633,
        0.3027820885181427,
        0.12407609820365906,
        -0.26637476682662964,
        0.09606361389160156
      ],
      "fitness": 20.593532716058498,
      "descriptor": [
        2.043241024017334,
        -0.280762255191803
      ]
    },